"","Factor1","Factor2"
"味",0.371266440725501,0.925844197454049
"パッケージデザイン",0.695654895450018,0.44508122120953
"広告宣伝",0.984860790506525,0.158301821303795
"素材栄養素",0.118919418179865,0.760961903132961
"キャンペーンイベント",0.886383993696383,0.236525091233642
